[Header],,,,,,,,
IEMFileVersion,4,,,,,,,
Date,09/04/2017,,,,,,,
Workflow,GenerateFASTQ,,,,,,,
Application,HiSeq FASTQ Only,,,,,,,
Assay,Nextera XT v2,,,,,,,
Description,,,,,,,,
Chemistry,Amplicon,,,,,,,
,,,,,,,,
[Reads],,,,,,,,
150,,,,,,,,
150,,,,,,,,
,,,,,,,,
[Settings],,,,,,,,
,,,,,,,,
[Data],,,,,,,,
Lane,Sample_ID,Sample_Name,Sample_Plate,Sample_Well,I7_Index_ID,index,Sample_Project,Description
1,A001_A111,A001_A111,,,E7001,CGTTGGTT,,
1,A002_A111,A002_A111,,,E7002,GCTCACAT,,
1,A003_A111,A003_A111,,,E7003,TTGAGTGC,,
1,A004_A111,A004_A111,,,E7004,TCCTTCTC,,
1,A005_A111,A005_A111,,,E7005,AGCTAGCA,,
1,A006_A111,A006_A111,,,E7006,AAGGAGGA,,
1,A007_A111,A007_A111,,,E7007,TGGTAGGA,,
1,A008_A111,A008_A111,,,E7008,TCGTACGT,,
1,A009_A111,A009_A111,,,E7009,ACGTGACA,,
1,A010_A111,A010_A111,,,E7010,AGTGCAGT,,
1,A011_A111,A011_A111,,,E7011,AAGGAACC,,
1,A012_A111,A012_A111,,,E7012,AACCTTCC,,
1,A013_A111,A013_A111,,,E7013,TTGTCCAC,,
1,A014_A111,A014_A111,,,E7014,TGACCTTG,,
1,A015_A111,A015_A111,,,E7015,TGCAACGT,,
1,A016_A111,A016_A111,,,E7016,CCAAGAAC,,
1,A017_A111,A017_A111,,,E7017,GTGGTGTA,,
1,A018_A111,A018_A111,,,E7018,GGTGTACC,,
1,A019_A111,A019_A111,,,E7019,CAGTCGTA,,
1,A020_A111,A020_A111,,,E7020,GAGATGCT,,
1,A021_A111,A021_A111,,,E7021,GAGGTTGC,,
1,A022_A111,A022_A111,,,E7022,TGAGTCGA,,
1,A023_A111,A023_A111,,,E7023,CTGATGAC,,
1,A024_A111,A024_A111,,,E7024,CGACTGAT,,
1,B001_A111,B001_A111,,,E7025,GTGTAGCA,,
1,B002_A111,B002_A111,,,E7026,GTTCACCA,,
1,B003_A111,B003_A111,,,E7027,TCTGAACC,,
1,B004_A111,B004_A111,,,E7028,GTAGAAGC,,
1,B005_A111,B005_A111,,,E7029,GCTACACA,,
1,B006_A111,B006_A111,,,E7030,AGAGTACG,,
1,B007_A111,B007_A111,,,E7031,ATGCTAGC,,
1,B008_A111,B008_A111,,,E7032,TGGTTGAC,,
1,B009_A111,B009_A111,,,E7033,ATGGTTCC,,
1,B010_A111,B010_A111,,,E7034,TGTCTGCA,,
1,B011_A111,B011_A111,,,E7035,TGCACGTA,,
1,B012_A111,B012_A111,,,E7036,AGTGGTTG,,
1,B013_A111,B013_A111,,,E7037,TTCGTTCG,,
1,B014_A111,B014_A111,,,E7038,CAGCTGAA,,
1,B015_A111,B015_A111,,,E7039,GGATCCTA,,
1,B016_A111,B016_A111,,,E7040,TCGTGCTA,,
1,B017_A111,B017_A111,,,E7041,GAGTCGAT,,
1,B018_A111,B018_A111,,,E7042,GTCTGCAT,,
1,B019_A111,B019_A111,,,E7043,TGGAGAAG,,
1,B020_A111,B020_A111,,,E7044,CGTTCCAA,,
1,B021_A111,B021_A111,,,E7045,AAGGTCAC,,
1,B022_A111,B022_A111,,,E7046,TCAACTCC,,
1,B023_A111,B023_A111,,,E7047,CTTGGACG,,
1,B024_A111,B024_A111,,,E7048,GCTAGGAT,,
1,C001_A111,C001_A111,,,E7049,GCATCGTG,,
1,C002_A111,C002_A111,,,E7050,GCTACTGT,,
1,C003_A111,C003_A111,,,E7051,GTACCTAC,,
1,C004_A111,C004_A111,,,E7052,ACAGACGT,,
1,C005_A111,C005_A111,,,E7053,GCTAGCTA,,
1,C006_A111,C006_A111,,,E7054,TTGACACC,,
1,C007_A111,C007_A111,,,E7055,CTGAGGTT,,
1,C008_A111,C008_A111,,,E7056,CCAACCAA,,
1,C009_A111,C009_A111,,,E7057,GGAGTTGG,,
1,C010_A111,C010_A111,,,E7058,GTAGCATG,,
1,C011_A111,C011_A111,,,E7059,GCAGTGAT,,
1,C012_A111,C012_A111,,,E7060,AGGTCCTT,,
1,C013_A111,C013_A111,,,E7061,TGGACAGT,,
1,C014_A111,C014_A111,,,E7062,GGTTGTGT,,
1,C015_A111,C015_A111,,,E7063,CTCAGATG,,
1,C016_A111,C016_A111,,,E7064,ACCTCCAT,,
1,C017_A111,C017_A111,,,E7065,AGGATGGT,,
1,C018_A111,C018_A111,,,E7066,AGGTTCGA,,
1,C019_A111,C019_A111,,,E7067,TGAGGAAC,,
1,C020_A111,C020_A111,,,E7068,CTGTGTTG,,
1,C021_A111,C021_A111,,,E7069,GTCCACTC,,
1,C022_A111,C022_A111,,,E7070,GGATGGAC,,
1,C023_A111,C023_A111,,,E7071,TGCTACTG,,
1,C024_A111,C024_A111,,,E7072,GTGATCGA,,
1,D001_A111,D001_A111,,,E7073,GGTCCTTC,,
1,D002_A111,D002_A111,,,E7074,CAACCAAG,,
1,D003_A111,D003_A111,,,E7075,GTCCTAGG,,
1,D004_A111,D004_A111,,,E7076,AGTCTGAG,,
1,D005_A111,D005_A111,,,E7077,TAGCTACG,,
1,D006_A111,D006_A111,,,E7078,AGGAACCT,,
1,D007_A111,D007_A111,,,E7079,CTTGTGGA,,
1,D008_A111,D008_A111,,,E7080,GCTTCCAC,,
1,D009_A111,D009_A111,,,E7081,GTACGACA,,
1,D010_A111,D010_A111,,,E7082,CGTACTCA,,
1,D011_A111,D011_A111,,,E7083,CCTGTCTT,,
1,D012_A111,D012_A111,,,E7084,CCAAGGTA,,
1,D013_A111,D013_A111,,,E7085,ACCTAGGT,,
1,D014_A111,D014_A111,,,E7086,CCATGCTT,,
1,D015_A111,D015_A111,,,E7087,GTTGATGG,,
1,D016_A111,D016_A111,,,E7088,CAGTAGCT,,
1,D017_A111,D017_A111,,,E7089,AGCAGGAT,,
1,D018_A111,D018_A111,,,E7090,TTGGACTG,,
1,D019_A111,D019_A111,,,E7091,TGGATCCA,,
1,D020_A111,D020_A111,,,E7092,ACGATGCA,,
1,D021_A111,D021_A111,,,E7093,TCACGTGT,,
1,D022_A111,D022_A111,,,E7094,CAGTGCAT,,
1,D023_A111,D023_A111,,,E7095,CGAGCTAC,,
1,D024_A111,D024_A111,,,E7096,CGTCTCTA,,
1,E001_A111,E001_A111,,,E7097,CGTGAGTA,,
1,E002_A111,E002_A111,,,E7098,GTCACGTC,,
1,E003_A111,E003_A111,,,E7099,AAGCTCCT,,
1,E004_A111,E004_A111,,,E7100,TTGCACCT,,
1,E005_A111,E005_A111,,,E7101,TCCAAGGA,,
1,E006_A111,E006_A111,,,E7102,CTTCCTTG,,
1,E007_A111,E007_A111,,,E7103,CTTGCAAC,,
1,E008_A111,E008_A111,,,E7104,CTTGGTTC,,
1,E009_A111,E009_A111,,,E7105,CGATGAGG,,
1,E010_A111,E010_A111,,,E7106,GAAGGTCT,,
1,E011_A111,A111_A111,,,E7107,GCTCTGTA,,
1,E012_A111,E012_A111,,,E7108,GGAACGAA,,
1,E013_A111,E013_A111,,,E7109,GGAAGCAT,,
1,E014_A111,E014_A111,,,E7110,ACCAACCA,,
1,E015_A111,E015_A111,,,E7111,TAGCATGC,,
1,E016_A111,E016_A111,,,E7112,GTGCATGA,,
1,E017_A111,E017_A111,,,E7113,TTCCATGG,,
1,E018_A111,E018_A111,,,E7114,TGTCCAAC,,
1,E019_A111,E019_A111,,,E7115,TCAGCACT,,
1,E020_A111,E020_A111,,,E7116,CATCGACA,,
1,E021_A111,E021_A111,,,E7117,GAGACTCA,,
1,E022_A111,E022_A111,,,E7118,TCGAAGTC,,
1,E023_A111,E023_A111,,,E7119,CTGCTTGT,,
1,E024_A111,E024_A111,,,E7120,GAACATGG,,
1,F001_A111,F001_A111,,,E7121,GGAGAACA,,
1,F002_A111,F002_A111,,,E7122,TGACAGCT,,
1,F003_A111,F003_A111,,,E7123,GTAGTCAG,,
1,F004_A111,F004_A111,,,E7124,AGTTCACC,,
1,F005_A111,F005_A111,,,E7125,CTCATGCA,,
1,F006_A111,F006_A111,,,E7126,CGAGACTC,,
1,F007_A111,F007_A111,,,E7127,GGACAGTA,,
1,F008_A111,F008_A111,,,E7128,GTACAGAG,,
1,F009_A111,F009_A111,,,E7129,CTACGTAG,,
1,F010_A111,F010_A111,,,E7130,ACTGTCCA,,
1,F011_A111,F011_A111,,,E7131,CTAGTCCT,,
1,F012_A111,F012_A111,,,E7132,CAAGGTTG,,
1,F013_A111,F013_A111,,,E7133,CCATGGAG,,
1,F014_A111,F014_A111,,,E7134,CGAACCTT,,
1,F015_A111,F015_A111,,,E7135,GACACCAT,,
1,F016_A111,F016_A111,,,E7136,GGATGTCA,,
1,F017_A111,F017_A111,,,E7137,TGTCGTAG,,
1,F018_A111,F018_A111,,,E7138,ATGCAGGT,,
1,F019_A111,F019_A111,,,E7139,TTGTCGTG,,
1,F020_A111,F020_A111,,,E7140,TGCTGCAA,,
1,F021_A111,F021_A111,,,E7141,GTTCGAGT,,
1,F022_A111,F022_A111,,,E7142,ATGCTGTG,,
1,F023_A111,F023_A111,,,E7143,ACACTGCT,,
1,F024_A111,F024_A111,,,E7144,TCATGAGC,,
1,G001_A111,G001_A111,,,E7145,TCGTCTCA,,
1,G002_A111,G002_A111,,,E7146,TGACGAGA,,
1,G003_A111,G003_A111,,,E7147,GATGCTAG,,
1,G004_A111,G004_A111,,,E7148,GACTGATC,,
1,G005_A111,G005_A111,,,E7149,GAGTAGTG,,
1,G006_A111,G006_A111,,,E7150,GTCAGTCT,,
1,G007_A111,G007_A111,,,E7151,AAGTCTCC,,
1,G008_A111,G008_A111,,,E7152,AGGTGAAC,,
1,G009_A111,G009_A111,,,E7153,TGGATGTG,,
1,G010_A111,G010_A111,,,E7154,CCTTGTGA,,
1,G011_A111,G011_A111,,,E7155,CGTCAACT,,
1,G012_A111,G012_A111,,,E7156,GCAAGTGA,,
1,G013_A111,G013_A111,,,E7157,ATCTGTCG,,
1,G014_A111,G014_A111,,,E7158,ATGCATCG,,
1,G015_A111,G015_A111,,,E7159,TAGCTGTC,,
1,G016_A111,G016_A111,,,E7160,CGTAGAGA,,
1,G017_A111,G017_A111,,,E7161,GTGAACAG,,
1,G018_A111,G018_A111,,,E7162,CGATCACT,,
1,G019_A111,G019_A111,,,E7163,CAACCTTC,,
1,G020_A111,G020_A111,,,E7164,GTAGCTGA,,
1,G021_A111,G021_A111,,,E7165,TCTTGGTG,,
1,G022_A111,G022_A111,,,E7166,GACATCCA,,
1,G023_A111,G023_A111,,,E7167,TCAGAGCA,,
1,G024_A111,G024_A111,,,E7168,TGCTCACA,,
1,H001_A111,H001_A111,,,E7169,GTACTGTC,,
1,H002_A111,H002_A111,,,E7170,GCATCTCT,,
1,H003_A111,H003_A111,,,E7171,AACGACCT,,
1,H004_A111,H004_A111,,,E7172,AGAACTGG,,
1,H005_A111,H005_A111,,,E7173,TTCCTCAG,,
1,H006_A111,H006_A111,,,E7174,CACAGGAA,,
1,H007_A111,H007_A111,,,E7175,CCTACGTT,,
1,H008_A111,H008_A111,,,E7176,GCTTGACG,,
1,H009_A111,H009_A111,,,E7177,CTCTCTCA,,
1,H010_A111,H010_A111,,,E7178,GATCTCTC,,
1,H011_A111,H011_A111,,,E7179,GATGAGAC,,
1,H012_A111,H012_A111,,,E7180,CTGGACAT,,
1,H013_A111,H013_A111,,,E7181,GGACTCAA,,
1,H014_A111,H014_A111,,,E7182,TCCAGGAC,,
1,H015_A111,H015_A111,,,E7183,CCTTCAAG,,
1,H016_A111,H016_A111,,,E7184,ACGTCTAG,,
1,H017_A111,H017_A111,,,E7185,TCTGTGTC,,
1,H018_A111,H018_A111,,,E7186,CTAGTGTG,,
1,H019_A111,H019_A111,,,E7187,ACAGGTTC,,
1,H020_A111,H020_A111,,,E7188,GCAGACTA,,
1,H021_A111,H021_A111,,,E7189,ACACGATG,,
1,H022_A111,H022_A111,,,E7190,ACGTACTG,,
1,H023_A111,H023_A111,,,E7191,ACGATCTC,,
1,H024_A111,H024_A111,,,E7192,CTAGCACA,,
1,I001_A111,I001_A111,,,E7193,ACACCAAC,,
1,I002_A111,I002_A111,,,E7194,CAACTCCA,,
1,I003_A111,I003_A111,,,E7195,ACTGCTAC,,
1,I004_A111,I004_A111,,,E7196,CTAGAGAC,,
1,I005_A111,I005_A111,,,E7197,ACTGAGAG,,
1,I006_A111,I006_A111,,,E7198,ACTGCATG,,
1,I007_A111,I007_A111,,,E7199,ACTCATGC,,
1,I008_A111,I008_A111,,,E7200,CATCAGTG,,
1,I009_A111,I009_A111,,,E7201,CGTACATG,,
1,I010_A111,I010_A111,,,E7202,ACCAAGTG,,
1,I011_A111,I011_A111,,,E7203,ACCTTGAG,,
1,I012_A111,I012_A111,,,E7204,TTCTCAGG,,
1,I013_A111,I013_A111,,,E7205,CTGAGCAA,,
1,I014_A111,I014_A111,,,E7206,GGTTCAGG,,
1,I015_A111,I015_A111,,,E7207,TACGTGCA,,
1,I016_A111,I016_A111,,,E7208,TGTGACAG,,
1,I017_A111,I017_A111,,,E7209,TGCAGTCA,,
1,I018_A111,I018_A111,,,E7210,TGCTGAGT,,
1,I019_A111,I019_A111,,,E7211,AACTGGTG,,
1,I020_A111,I020_A111,,,E7212,TAGTCTGG,,
1,I021_A111,I021_A111,,,E7213,GTCATGGT,,
1,I022_A111,I022_A111,,,E7214,ATCTGAGC,,
1,I023_A111,I023_A111,,,E7215,TCGAGTCT,,
1,I024_A111,I024_A111,,,E7216,GACGATCA,,
1,J001_A111,J001_A111,,,E7217,AGGACTTC,,
1,J002_A111,J002_A111,,,E7218,TTCCTGGA,,
1,J003_A111,J003_A111,,,E7219,TCTGGTCA,,
1,J004_A111,J004_A111,,,E7220,GGTCAAGC,,
1,J005_A111,J005_A111,,,E7221,GGTGTGAA,,
1,J006_A111,J006_A111,,,E7222,AGCATCAG,,
1,J007_A111,J007_A111,,,E7223,GCTGATCT,,
1,J008_A111,J008_A111,,,E7224,GCTGTAGT,,
1,J009_A111,J009_A111,,,E7225,CGTTGTAC,,
1,J010_A111,J010_A111,,,E7226,GAACTGGA,,
1,J011_A111,J011_A111,,,E7227,GATCCAGA,,
1,J012_A111,J012_A111,,,E7228,GTCGAGAA,,
1,J013_A111,J013_A111,,,E7229,AACCACGA,,
1,J014_A111,J014_A111,,,E7230,AACCAGAC,,
1,J015_A111,J015_A111,,,E7231,AACAGACC,,
1,J016_A111,J016_A111,,,E7232,ATGACGAG,,
1,J017_A111,J017_A111,,,E7233,AGAGATGC,,
1,J018_A111,J018_A111,,,E7234,AGTAGACG,,
1,J019_A111,J019_A111,,,E7235,AGCTCATG,,
1,J020_A111,J020_A111,,,E7236,TAGACGAC,,
1,J021_A111,J021_A111,,,E7237,CATCGTGT,,
1,J022_A111,J022_A111,,,E7238,CAAGTGGT,,
1,J023_A111,J023_A111,,,E7239,CTCCAGTT,,
1,J024_A111,J024_A111,,,E7240,CTCGTCTC,,
1,K001_A111,K001_A111,,,E7241,CTGACAGA,,
1,K002_A111,K002_A111,,,E7242,CTGTCTGC,,
1,K003_A111,K003_A111,,,E7243,GCATCAGA,,
1,K004_A111,K004_A111,,,E7244,CTAGGTGT,,
1,K005_A111,K005_A111,,,E7245,CCACTTGG,,
1,K006_A111,K006_A111,,,E7246,TACACAGC,,
1,K007_A111,K007_A111,,,E7247,ACTGTTGG,,
1,K008_A111,K008_A111,,,E7248,ACAGTAGC,,
1,K009_A111,K009_A111,,,E7249,ATGGACCA,,
1,K010_A111,K010_A111,,,E7250,AGTCACTG,,
1,K011_A111,K011_A111,,,E7251,TCACTGAG,,
1,K012_A111,K012_A111,,,E7252,CAACAACC,,
1,K013_A111,K013_A111,,,E7253,CGACTAGC,,
1,K014_A111,K014_A111,,,E7254,ACTAGCAG,,
1,K015_A111,K015_A111,,,E7255,AGACTCTC,,
1,K016_A111,K016_A111,,,E7256,CTACACTG,,
1,K017_A111,K017_A111,,,E7257,AGCTACAC,,
1,K018_A111,K018_A111,,,E7258,GTCACTAG,,
1,K019_A111,K019_A111,,,E7259,AGCAGCTA,,
1,K020_A111,K020_A111,,,E7260,CTGTGAGT,,
1,K021_A111,K021_A111,,,E7261,GTCGTACA,,
1,K022_A111,K022_A111,,,E7262,AACCAACG,,
1,K023_A111,K023_A111,,,E7263,CAAGTTCC,,
1,K024_A111,K024_A111,,,E7264,GGTTGCAG,,
1,L001_A111,L001_A111,,,E7265,AGTCGATC,,
1,L002_A111,L002_A111,,,E7266,AGCTGTGA,,
1,L003_A111,L003_A111,,,E7267,TCTCGACT,,
1,L004_A111,L004_A111,,,E7268,TGCATGCT,,
1,L005_A111,L005_A111,,,E7269,CTCTGCTA,,
1,L006_A111,L006_A111,,,E7270,GACTGTAG,,
1,L007_A111,L007_A111,,,E7271,GAGCACTA,,
1,L008_A111,L008_A111,,,E7272,GTCATCTG,,
1,L009_A111,L009_A111,,,E7273,AACACCTC,,
1,L010_A111,L010_A111,,,E7274,AACCTGGT,,
1,L011_A111,L011_A111,,,E7275,GTTCCAAG,,
1,L012_A111,L012_A111,,,E7276,ATCGTGCT,,
1,L013_A111,L013_A111,,,E7277,ATGAGCTG,,
1,L014_A111,L014_A111,,,E7278,GACTCTGA,,
1,L015_A111,L015_A111,,,E7279,GACGTGAG,,
1,L016_A111,L016_A111,,,E7280,CATGTCAG,,
1,L017_A111,L017_A111,,,E7281,GACTCACT,,
1,L018_A111,L018_A111,,,E7282,TCAGCTAG,,
1,L019_A111,L019_A111,,,E7283,ATCGAGTC,,
1,L020_A111,L020_A111,,,E7284,AGACGACT,,
1,L021_A111,L021_A111,,,E7285,AGCACTCT,,
1,L022_A111,L022_A111,,,E7286,TCGATCAG,,
1,L023_A111,L023_A111,,,E7287,TACACTCG,,
1,L024_A111,L024_A111,,,E7288,CAGTACGA,,
1,M001_A111,M001_A111,,,E7289,ACGACTGA,,
1,M002_A111,M002_A111,,,E7290,AGTACGAC,,
1,M003_A111,M003_A111,,,E7291,CAAGAAGG,,
1,M004_A111,M004_A111,,,E7292,CTACCAGT,,
1,M005_A111,M005_A111,,,E7293,TCAGTCAC,,
1,M006_A111,M006_A111,,,E7294,CCTGACAA,,
1,M007_A111,M007_A111,,,E7295,CTCCACAA,,
1,M008_A111,M008_A111,,,E7296,ACACAGTC,,
1,M009_A111,M009_A111,,,E7297,TCTACCTC,,
1,M010_A111,M010_A111,,,E7298,CATCACAC,,
1,M011_A111,M011_A111,,,E7299,ACACTCGA,,
1,M012_A111,M012_A111,,,E7300,AGTGACGA,,
1,M013_A111,M013_A111,,,E7301,AGGACCAA,,
1,M014_A111,M014_A111,,,E7302,CCAGAGTT,,
1,M015_A111,M015_A111,,,E7303,TTCGAGGT,,
1,M016_A111,M016_A111,,,E7304,CGAAGTCT,,
1,M017_A111,M017_A111,,,E7305,AGCATGTC,,
1,M018_A111,M018_A111,,,E7306,CAGACTAG,,
1,M019_A111,M019_A111,,,E7307,CAGCTCTG,,
1,M020_A111,M020_A111,,,E7308,AACAGTGG,,
1,M021_A111,M021_A111,,,E7309,TACGAGTG,,
1,M022_A111,M022_A111,,,E7310,CTGACTCT,,
1,M023_A111,M023_A111,,,E7311,GATGCATC,,
1,M024_A111,M024_A111,,,E7312,GACAGAGT,,
1,N001_A111,N001_A111,,,E7313,CCTTCTTC,,
1,N002_A111,N002_A111,,,E7314,GAAGCAGT,,
1,N003_A111,N003_A111,,,E7315,TACTCGAG,,
1,N004_A111,N004_A111,,,E7316,TAGCAGCA,,
1,N005_A111,N005_A111,,,E7317,CATGCTGA,,
1,N006_A111,N006_A111,,,E7318,CACATCAC,,
1,N007_A111,N007_A111,,,E7319,TGAACCAG,,
1,N008_A111,N008_A111,,,E7320,ACACGTCA,,
1,N009_A111,N009_A111,,,E7321,ACTCGAGA,,
1,N010_A111,N010_A111,,,E7322,ACGTAGAC,,
1,N011_A111,N011_A111,,,E7323,AGATGCTG,,
1,N012_A111,N012_A111,,,E7324,CAGTCACG,,
1,N013_A111,N013_A111,,,E7325,TCTAGTGG,,
1,N014_A111,N014_A111,,,E7326,CATGCACT,,
1,N015_A111,N015_A111,,,E7327,CTCTACGT,,
1,N016_A111,N016_A111,,,E7328,GATGACTG,,
1,N017_A111,N017_A111,,,E7329,CCTCAGGT,,
1,N018_A111,N018_A111,,,E7330,ACGACACT,,
1,N019_A111,N019_A111,,,E7331,ATCACACG,,
1,N020_A111,N020_A111,,,E7332,TCTCTAGC,,
1,N021_A111,N021_A111,,,E7333,CCACAAGA,,
1,N022_A111,N022_A111,,,E7334,GCACAACG,,
1,N023_A111,N023_A111,,,E7335,TGACACAC,,
1,N024_A111,N024_A111,,,E7336,CGACATCG,,
1,O001_A111,O001_A111,,,E7337,ACAGATCG,,
1,O002_A111,O002_A111,,,E7338,TTCGTGAC,,
1,O003_A111,O003_A111,,,E7339,CACAGTTC,,
1,O004_A111,O004_A111,,,E7340,CACTCCTT,,
1,O005_A111,O005_A111,,,E7341,CTCTCATC,,
1,O006_A111,O006_A111,,,E7342,GAGTACAC,,
1,O007_A111,O007_A111,,,E7343,GCAGTTCA,,
1,O008_A111,O008_A111,,,E7344,AGACGTAC,,
1,O009_A111,O009_A111,,,E7345,TGTAGCAC,,
1,O010_A111,O010_A111,,,E7346,CACATGTG,,
1,O011_A111,O011_A111,,,E7347,CACTGTCT,,
1,O012_A111,O012_A111,,,E7348,TCAAGCTG,,
1,O013_A111,O013_A111,,,E7349,ATCACTGC,,
1,O014_A111,O014_A111,,,E7350,CGTCATGA,,
1,O015_A111,O015_A111,,,E7351,ACCACGAA,,
1,O016_A111,O016_A111,,,E7352,CAGAGACT,,
1,O017_A111,O017_A111,,,E7353,GATGTCGA,,
1,O018_A111,O018_A111,,,E7354,AAGACAGG,,
1,O019_A111,O019_A111,,,E7355,TCTCGTTC,,
1,O020_A111,O020_A111,,,E7356,CTTCAAGG,,
1,O021_A111,O021_A111,,,E7357,ACATGCAC,,
1,O022_A111,O022_A111,,,E7358,AGCACAGA,,
1,O023_A111,O023_A111,,,E7359,TCATCGAC,,
1,O024_A111,O024_A111,,,E7360,TCTCATCG,,
1,P001_A111,P001_A111,,,E7361,CACGTACG,,
1,P002_A111,P002_A111,,,E7362,TCTCTCTG,,
1,P003_A111,P003_A111,,,E7363,CGACACGT,,
1,P004_A111,P004_A111,,,E7364,ACTCTACG,,
1,P005_A111,P005_A111,,,E7365,ATCTCGAC,,
1,P006_A111,P006_A111,,,E7366,TACGACAC,,
1,P007_A111,P007_A111,,,E7367,CACTAGTC,,
1,P008_A111,P008_A111,,,E7368,GAGTCAGC,,
1,P009_A111,P009_A111,,,E7369,ATCAGCAC,,
1,P010_A111,P010_A111,,,E7370,CAGAGTGA,,
1,P011_A111,P011_A111,,,E7371,CTCGATCT,,
1,P012_A111,P012_A111,,,E7372,CTCGTAGT,,
1,P013_A111,P013_A111,,,E7373,AAGCTTGG,,
1,P014_A111,P014_A111,,,E7374,GCTGAGGA,,
1,P015_A111,P015_A111,,,E7375,CCAACTTG,,
1,P016_A111,P016_A111,,,E7376,TAGCACAG,,
1,P017_A111,P017_A111,,,E7377,TCATGTCG,,
1,P018_A111,P018_A111,,,E7378,TCGACATG,,
1,P019_A111,P019_A111,,,E7379,CACTGAGA,,
1,P020_A111,P020_A111,,,E7380,CATGATCG,,
1,P021_A111,P021_A111,,,E7381,AGTAGTGC,,
1,P022_A111,P022_A111,,,E7382,CATGTAGC,,
1,P023_A111,P023_A111,,,E7383,AGACAAGG,,
1,P024_A111,P024_A111,,,E7384,ACGTCATC,,
